"id","title","Product type","Model","Model Sub","year","Manual","price","description","","google_product_category","","link","image_link","","","","","","","","",""
"91620","2004-2010 BMW 5 Series FACTORY Repair Manual","Cars","1 series","118,120","2004,2005,2006","owners,factory","16.99","2004 2005 2006 2007 2008 2009 2010 BMW 5 SERIES FACTORY REPAIR SERVICE MANUAL FIX YOUR OWN CAR AND SAVE $$$.ALL REPAIRS COVERED FROM A TO Z. FROM BRAKE REPAIRS TO ELECTRICAL TO REBUILD YOUR ENGINE.","","Vehicles & Parts","","https://www.emanualonline.com/Cars/BMW/5-Series/2004_2010-BMW-5-Series-FACTORY-Repair-Manual.html?currency=GBP","https://www.emanualonline.com/images/others/127574562_2010-bmw-5-series.jpg","","","","","","","","",""
"31504","1999-2005 BMW 3 Series E46 M3 323i 325i 325xi 328i 330i 330xi","Cars","3 series","316,318,320,316i,318i,320i","1998,1999,2000","parts list,service & repair","17.99","1999 2000 2001 2002 2003 2004 2005 BMW 3 Series E46 M3 323i 325i 325xi 328i 330i 330xi Factory Service Repair Manual covers all the repair procedures you will ever need.This service manual is also used by the mechanics from you local service.This is the official complete service repair manual for BMW 3 Series E46 M3 323i 325i 325xi 328i 330i 330xi 1999-2005. This manual is digitally delivered, there is no shipping cost. This Service Manual contains: -General data and maintenance-Engine-Transmission-Suspension,steering and brakes-Body-Body equipment-Electrical system-Equipment and accessories-Electrical wiring diagrams-OBD on board diagnostics This manual is in PDF format.To open the manual you need any pdf reader.If you have trouble opening the manual please do not hesitate to contact us. CLICK ON THE INSTANT DOWNLOAD BUTTON NOW!","","Vehicles & Parts","","https://www.emanualonline.com/Cars/BMW/3-Series/1999_2005-BMW-3-Series-E46-M3-323i-325i-325xi-328i-330i-330xi-Factory-Service-Repair-Manual.html?currency=GBP","https://www.emanualonline.com/images/others/275425145_BMW3SeriesE46M3323i325i325xi328i330i330xi1999-2005..jpg","","","","","","","","",""
"45293","1998-2005 BMW 3-Series (E46) 316, 318, 320, 325, 330 benzina","Cars","3 series","320,323i,323","2003,2004,2005","workshop","17.99","1998-2005 BMW 3-Series (E46) 316, 318, 320, 325, 330 benzina Workshop Repair Service Manual in Italian This is a COMPLETE Service and Repair Manual in Italian for your 1998-2005 BMW 3-Series (E46) 316, 318, 320, 325, 330 benzina. It covers every single detail. All models, and all engines are included. This QUALITY manual is 100 percents COMPLETE and INTACT, no MISSING/CORRUPT pages/sections to freak you out! Detailed illustrations, exploded diagrams, drawings and photos guide you through every service repair procedure. This manual can be viewed on any computer, as well as zoomed and printed. All repair procedures are covered A-Z. This manual for 1998-2005 BMW 3-Series (E46) 316, 318, 320, 325, 330 benzina makes any repair job easy to do with very easy to follow step-by-step instructions & pictures on all areas of repair. Fixing problems in your vehicle is a do-it-approach with the this Repair Manual for 1998-2005 BMW 3-Series (E46) 316, 318, 320, 325, 330 benzina as they contain comprehensive instructions and procedures on how to fix the problems in your ride. Repair Manuals can come in handy especially when you have to do immediate repair. The durability of your vehicle/bike is unquestionable but you also know that no matter how tough they are, constant use can cause them to deteriorate. When this happens, and ultimately it will, you will have to replace them. Some car/bike parts are very simple to mount and do not require professional help. By having a trusty repair manual you not only save money but you also get to experience the fun of do-it-yourself projects. A repair manual comes with comprehensive details regarding technical data, diagrams, a complete list of car parts and pictures. Even the most novice can easily follow the step-by-step guides which are made simple by the illustrations and drawings. You can find a complete list of accessories that can further enhance the performance of your engine. This Repair Manual for 1998-2005 BMW 3-Series (E46) 31","","Vehicles & Parts","","https://www.emanualonline.com/Cars/BMW/3-Series/1998_2005-BMW-3_Series-%28E46%29-316%2C-318%2C-320%2C-325%2C-330-benzina-Workshop-Repair-Service-Manual-in-Italian.html?currency=GBP","https://www.emanualonline.com/images/others/225933750_08.jpg","","","","","","","","",""
"46085","1999-2005 BMW 3 Series E46  M3, 323i, 325i,Service Manual","Cars","1 series","125,126","2004,2005,2006","service & repair","17.99","You can click PREVIEW BUTTON (under the green DOWNLOAD button) and preview some pages. This is the Highly Detailed factory service repair manual for the 1999-2005 BMW 3 Series (E46), this Service Manual has detailed illustrations as well as step by step instructions,It is 100 percents complete and intact. they are specifically written for the do-it-yourself-er as well as the experienced mechanic. 1999-2005 BMW 3 Series (E46) Service Repair Workshop Manual provides step-by-step instructions based on the complete dis-assembly of the machine. It is this level of detail, along with hundreds of photos and illustrations, that guide the reader through each service and repair procedure. Complete download comes in pdf format which can work under all PC based windows operating system and Mac also, All pages are printable. Using this repair manual is an inexpensive way to keep your vehicle working properly. Model covered: M3, 323i, 325i, 325xi, 328i, 330i, 330xi, sedan, coupe, convertible, sport wagon, 1999,2000,2001,2002,2003,2004,2005 Service Repair Manual Covers: General data and maintenance Engine Transmission Suspension steering and brakes Body Body equipment Electrical system Equipment and accessories Electrical wiring diagrams OBD on board diagnostics And More...... PRODUCT DETAILS: Total Pages:1258 pages File Format: PDF Compatible: All Versions of Windows & Mac Language: English Printable: without any restriction Delivery: Download link will appear on the checkout page after payment is complete. Requirements: Adobe PDF Reader THANK FOR VISITING!","","Vehicles & Parts","","https://www.emanualonline.com/Cars/BMW/3-Series/1999_2005-BMW-3-Series-E46--M3%2C-323i%2C-325i%2CService-Manual.html?currency=GBP","https://www.emanualonline.com/images/others/222086848_BMW-3_series_E46_.jpg","","","","","","","","",""
"46887","1998-2001 BMW 3-Series E36 Electrical Troubleshooting Manual BEST","Cars","5 series","516i,516,518,518i","1998,1999,2000","factory repair","18.99","1998-2001 BMW 3-Series E36 Electrical Troubleshooting Manual BEST DOWNLOAD - 290MB PDF! This highly detailed Electrical Troubleshooting Manual for your 1998-2001 BMW 3-Series E36 contains everything you will ever need to repair, maintain, rebuild, refurbish or restore your vehicle. All diagnostic and repair procedures are covered in great detail. This QUALITY manual in English / German / French / Italian / Spanish for 1998-2001 BMW 3-Series E36 is 100 percents COMPLETE and INTACT, no MISSING/CORRUPT pages/sections to freak you out! Buy from responsible seller and get INSTANT DOWNLOAD now without wasting your hard-owned money on uncertainty or surprise; this manual is exactly as described. This Digital Workshop Repair Manual for 1998-2001 BMW 3-Series E36 covers the same information that Professional Technicians and Mechanics have. You can view and print out the complete repair procedures with this easy to use this Digital Workshop Repair Manual - you do not need to be skilled with a computer! Once you have found your information, just print it out and start work. No more messy manuals that you have to keep replacing or cant use any more due to wear and tear. All Repair Procedures Covered From A-ZHigh Quality Photos, Illustrations And DiagramsBuy From A Trusted Seller, Selling Genuine Items SERVICE MANUAL DETAILS:1. Downloadable: YES2. Requirements: PDF Reader3. FileTYPE: PDF4. Compatiblity: All Versions of Windows & Mac & Linux5. Language: English / German / French / Italian / Spanish Models covered: 1998 E36: Series 3 E36 (316i, 318i, 318is, 320i, 323i, 328i, M3, 318tds, 325td, 325tds incl. Convertible and Touring) 1999 E36: Series 3 E36 (Coup&eacute;, Convertible and Touring) 1998 E36/5 Compact: Series 3 E36/5 compact (316i, 316g, 318ti, 318tds, 323ti) 1999 E36/5 Compact: Series 3 E36/5 compact (316i, 316g, 318ti, 318tds, 323ti) 2000 E36/5 Compact: Series 3 E36/5 compact (316i, 316g, 318tds, 323ti) 2000 E36/5 Compact (RHD): Series 3 E36/5","","Vehicles & Parts","","https://www.emanualonline.com/Cars/BMW/3-Series/1998_2001-BMW-3_Series-E36-Electrical-Troubleshooting-Manual-BEST-Download-_-290MB-pdf%21.html?currency=GBP","https://www.emanualonline.com/images/others/220768906_BMWE36M-POWER.jpg","","","","","","","","",""
"56802","1998-2001 BMW 3 Series (E46) 320d, 330d Workshop Repair Service","Cars","5 series","520,520i,523,523i","2003,2004,2005","owners","14.99","1998-2001 BMW 3 Series (E46) 320d, 330d Workshop Repair Service Manual in Spanish This is a COMPLETE Service and Repair Manual in SPANISH for your 1998-1999-2000-2001 BMW 3 Series (E46) 320d, 330d. It covers every single detail. All models, and all engines are included. This QUALITY manual for BMW 3 Series (E46) 320d, 330d is 100 percents COMPLETE and INTACT, no MISSING/CORRUPT pages/sections to freak you out! Detailed illustrations, exploded diagrams, drawings and photos guide you through every service repair procedure. This manual can be viewed on any computer, as well as zoomed and printed. All repair procedures are covered A-Z. Save yourself Big money by doing your own repairs! This manual makes any repair job easy to do with very easy to follow step-by-step instructions & pictures on all areas of repair. This high quality manual covers everything: For example: General Information, Body, Frame & Mounting, Engine, Suspension, Driveline, Brake System, Transmission/Transaxle, Clutch, Chains, Exhaust, Fuel, Steering, Shocks, Climate Control, Instrumentation & Warnings Systems, Battery & Charging Systems, Audio, Lighting, Electrical Distribution, Wiring, Plus Lots More Etc Fixing problems in your vehicle is a do-it-approach with the this Repair Manual as they contain comprehensive instructions and procedures on how to fix the problems in your ride. Repair Manuals can come in handy especially when you have to do immediate repair. The durability of your vehicle/bike is unquestionable but you also know that no matter how tough they are, constant use can cause them to deteriorate. When this happens, and ultimately it will, you will have to replace them. Some car/bike parts are very simple to mount and do not require professional help. By having a trusty repair manual you not only save money but you also get to experience the fun of do-it-yourself projects. A repair manual comes with comprehensive details regarding technical data, diagrams, a complete list of car par","","Vehicles & Parts","","https://www.emanualonline.com/Cars/BMW/3-Series/1998_2001-BMW-3-Series-%28E46%29-320d%2C-330d-Workshop-Repair-Service-Manual-in-Spanish.html?currency=GBP","https://www.emanualonline.com/images/others/206285422_BMW-3-E46-320d-330d-1998-2001-ES-08.jpg","","","","","","","","",""
"91617","1999-2005 BMW E46 3 Series Repair Service Manual","Cars","7 series","740,740i,720,723","2004,2005,2006","parts list","16.99","1999 2000 2001 2002 2003 2004 2005 BMW E46 3 SERIES FACTORY SERVICE REPAIR MANUAL FIX YOUR OWN CAR AND SAVE YOURSELF MONEY $$$. ALL REPAIRS COVERED FROM A TO Z. THIS IS A FACTORY SERVICE MANUAL! FROM FRONT END REPAIRS TO ELECTRICAL REPAIRS TO BRAKES ETC. EVERYTHING COVERED!","","Vehicles & Parts","","https://www.emanualonline.com/Cars/BMW/3-Series/1999_2005-BMW-E46-3-Series-Repair-Service-Manual.html?currency=GBP","https://www.emanualonline.com/images/others/127574586_33223370003_large.jpg","","","","","","","","",""
"295969","1992-2005 BMW Sedan Workshop Service Repair Manual","Cars","7 series","710,720,770,780","1998,1999,2000","workshop","18.99","BMW Sedan 1992 1993 1994 1995 1996 1997 1998 1999 2000 2001 2002 2003 2004 2005 Service Repair Manual This is a complete service repair manual for BMW Sedan 1992-2005.Using this repair manual is an inexpensive way to keep your vehicle working properly.The manual has detailed illustrations, diagrams, wiring schematics and specifications as well as step-by-step instructions. All pages are printable, so run off what you need and take it with you into the garage or workshop. These manuals are your number one source for repair and service information. They are specifically written for the do-it-yourselfer as well as the experienced mechanic.This a complete service manual. It covers every detail for your BMW Sedan 1992 1993 1994 1995 1996 1997 1998 1999 2000 2001 2002 2003 2004 2005. BMW Sedan 1992 1993 1994 1995 1996 1997 1998 1999 2000 2001 2002 2003 2004 2005.BMW Sedan 1992-2005 Service Repair Manual.BMW Sedan 1992-2005 Workshop Service Repair Manual.BMW Sedan 1992-2005 Factory Service Repair Manual.BMW Sedan 1992-2005 Repair Manual.BMW Sedan 1992-2005 Service Manual.BMW Sedan 1992-2005 Service Manual Repair. Product Details: * File Format: PDF * Language: English * Specifications: Fully Printable* Zoom IN/OUT: YES * Delivery:Instant Download!!* Requirements: Adobe PDF Reader & WinZip* Compatible: All Versions of Windows & Mac BMW Sedan 1992 1993 1994 1995 1996 1997 1998 1999 2000 2001 2002 2003 2004 2005 Workshop Service Repair Manual INSTANT DOWNLOAD.","","Vehicles & Parts","","https://www.emanualonline.com/Cars/BMW/3-Series/1992_2005-BMW-Sedan-Workshop-Service-Repair-Manual.html?currency=GBP","https://www.emanualonline.com/images/others/295969.jpg","","","","","","","","",""
"295970","1992-2005 BMW Coupe Workshop Service Repair Manual","Cars","X5","X5","2003,2004,2005","service & repair","18.99","BMW Coupe 1992 1993 1994 1995 1996 1997 1998 1999 2000 2001 2002 2003 2004 2005 Service Repair Manual This is a complete service repair manual for BMW Coupe 1992-2005.Using this repair manual is an inexpensive way to keep your vehicle working properly.The manual has detailed illustrations, diagrams, wiring schematics and specifications as well as step-by-step instructions. All pages are printable, so run off what you need and take it with you into the garage or workshop. These manuals are your number one source for repair and service information. They are specifically written for the do-it-yourselfer as well as the experienced mechanic.This a complete service manual. It covers every detail for your BMW Coupe 1992 1993 1994 1995 1996 1997 1998 1999 2000 2001 2002 2003 2004 2005. BMW Coupe 1992 1993 1994 1995 1996 1997 1998 1999 2000 2001 2002 2003 2004 2005.BMW Coupe 1992-2005 Service Repair Manual.BMW Coupe 1992-2005 Workshop Service Repair Manual.BMW Coupe 1992-2005 Factory Service Repair Manual.BMW Coupe 1992-2005 Repair Manual.BMW Coupe 1992-2005 Service Manual.BMW Coupe 1992-2005 Service Manual Repair. Product Details: * File Format: PDF * Language: English * Specifications: Fully Printable* Zoom IN/OUT: YES * Delivery:Instant Download!!* Requirements: Adobe PDF Reader & WinZip* Compatible: All Versions of Windows & Mac BMW Coupe 1992 1993 1994 1995 1996 1997 1998 1999 2000 2001 2002 2003 2004 2005 Workshop Service Repair Manual INSTANT DOWNLOAD.","","Vehicles & Parts","","https://www.emanualonline.com/Cars/BMW/3-Series/1992_2005-BMW-Coupe-Workshop-Service-Repair-Manual.html?currency=GBP","https://www.emanualonline.com/images/others/295970.jpg","","","","","","","","",""
"295978","1999-2005 BMW 330i Workshop Service Repair Manual","Cars","X5","X5","2004,2005,2006","factory repair","18.99","BMW 330i 1999 2000 2001 2002 2003 2004 2005 Service Repair Manual This is a complete service repair manual for BMW 330i 1999-2005.Using this repair manual is an inexpensive way to keep your vehicle working properly.The manual has detailed illustrations, diagrams, wiring schematics and specifications as well as step-by-step instructions. All pages are printable, so run off what you need and take it with you into the garage or workshop. These manuals are your number one source for repair and service information. They are specifically written for the do-it-yourselfer as well as the experienced mechanic.This a complete service manual. It covers every detail for your BMW 330i 1999 2000 2001 2002 2003 2004 2005. BMW 330i 1999 2000 2001 2002 2003 2004 2005.BMW 330i 1999-2005 Service Repair Manual.BMW 330i 1999-2005 Workshop Service Repair Manual.BMW 330i 1999-2005 Factory Service Repair Manual.BMW 330i 1999-2005 Repair Manual.BMW 330i 1999-2005 Service Manual.BMW 330i 1999-2005 Service Manual Repair. Product Details: * File Format: PDF * Language: English * Specifications: Fully Printable* Zoom IN/OUT: YES * Delivery:Instant Download!!* Requirements: Adobe PDF Reader & WinZip* Compatible: All Versions of Windows & Mac BMW 330i 1999 2000 2001 2002 2003 2004 2005 Workshop Service Repair Manual INSTANT DOWNLOAD.","","Vehicles & Parts","","https://www.emanualonline.com/Cars/BMW/3-Series/1999_2005-BMW-330i-Workshop-Service-Repair-Manual.html?currency=GBP","https://www.emanualonline.com/images/others/295978.jpg","","","","","","","","",""
"295979","1992-2005 BMW 328i Workshop Service Repair Manual","Cars","X5","X5","1998,1999,2000","owners","18.99","BMW 328i 1992 1993 1994 1995 1996 1997 1998 1999 2000 2001 2002 2003 2004 2005 Service Repair Manual This is a complete service repair manual for BMW 328i 1992-2005.Using this repair manual is an inexpensive way to keep your vehicle working properly.The manual has detailed illustrations, diagrams, wiring schematics and specifications as well as step-by-step instructions. All pages are printable, so run off what you need and take it with you into the garage or workshop. These manuals are your number one source for repair and service information. They are specifically written for the do-it-yourselfer as well as the experienced mechanic.This a complete service manual. It covers every detail for your BMW 328i 1992 1993 1994 1995 1996 1997 1998 1999 2000 2001 2002 2003 2004 2005. BMW 328i 1992 1993 1994 1995 1996 1997 1998 1999 2000 2001 2002 2003 2004 2005.BMW 328i 1992-2005 Service Repair Manual.BMW 328i 1992-2005 Workshop Service Repair Manual.BMW 328i 1992-2005 Factory Service Repair Manual.BMW 328i 1992-2005 Repair Manual.BMW 328i 1992-2005 Service Manual.BMW 328i 1992-2005 Service Manual Repair. Product Details: * File Format: PDF * Language: English * Specifications: Fully Printable* Zoom IN/OUT: YES * Delivery:Instant Download!!* Requirements: Adobe PDF Reader & WinZip* Compatible: All Versions of Windows & Mac BMW 328i 1992 1993 1994 1995 1996 1997 1998 1999 2000 2001 2002 2003 2004 2005 Workshop Service Repair Manual INSTANT DOWNLOAD.","","Vehicles & Parts","","https://www.emanualonline.com/Cars/BMW/3-Series/1992_2005-BMW-328i-Workshop-Service-Repair-Manual.html?currency=GBP","https://www.emanualonline.com/images/others/295979.jpg","","","","","","","","",""
"295980","1992-2005 BMW 323i Workshop Service Repair Manual","Cars","X5","X5","2003,2004,2005","parts list","18.99","BMW 323i 1992 1993 1994 1995 1996 1997 1998 1999 2000 2001 2002 2003 2004 2005 Service Repair Manual This is a complete service repair manual for BMW 323i 1992-2005.Using this repair manual is an inexpensive way to keep your vehicle working properly.The manual has detailed illustrations, diagrams, wiring schematics and specifications as well as step-by-step instructions. All pages are printable, so run off what you need and take it with you into the garage or workshop. These manuals are your number one source for repair and service information. They are specifically written for the do-it-yourselfer as well as the experienced mechanic.This a complete service manual. It covers every detail for your BMW 323i 1992 1993 1994 1995 1996 1997 1998 1999 2000 2001 2002 2003 2004 2005. BMW 323i 1992 1993 1994 1995 1996 1997 1998 1999 2000 2001 2002 2003 2004 2005.BMW 323i 1992-2005 Service Repair Manual.BMW 323i 1992-2005 Workshop Service Repair Manual.BMW 323i 1992-2005 Factory Service Repair Manual.BMW 323i 1992-2005 Repair Manual.BMW 323i 1992-2005 Service Manual.BMW 323i 1992-2005 Service Manual Repair. Product Details: * File Format: PDF * Language: English * Specifications: Fully Printable* Zoom IN/OUT: YES * Delivery:Instant Download!!* Requirements: Adobe PDF Reader & WinZip* Compatible: All Versions of Windows & Mac BMW 323i 1992 1993 1994 1995 1996 1997 1998 1999 2000 2001 2002 2003 2004 2005 Workshop Service Repair Manual INSTANT DOWNLOAD.","","Vehicles & Parts","","https://www.emanualonline.com/Cars/BMW/3-Series/1992_2005-BMW-323i-Workshop-Service-Repair-Manual.html?currency=GBP","https://www.emanualonline.com/images/others/295980.jpg","","","","","","","","",""
"466663","1999-2005 BMW 3 Series (E46) Service Repair Workshop Manual Download","Cars","7 series","X5","2004,2005,2006","workshop","14.99","This is the Highly Detailed factory service repair manual for the 1999-2005 BMW 3 Series (E46), this Service Manual has detailed illustrations as well as step by step instructions,It is 100 percents complete and intact. they are specifically written for the do-it-yourself-er as well as the experienced mechanic. 1999-2005 BMW 3 Series (E46) Service Repair Workshop Manual provides step-by-step instructions based on the complete dis-assembly of the machine. It is this level of detail, along with hundreds of photos and illustrations, that guide the reader through each service and repair procedure. Complete download comes in pdf format which can work under all PC based windows operating system and Mac also, All pages are printable. Using this repair manual is an inexpensive way to keep your vehicle working properly. Model covered: M3, 323i, 325i, 325xi, 328i, 330i, 330xi, sedan, coupe, convertible, sport wagon, 1999,2000,2001,2002,2003,2004,2005 Service Repair Manual Covers: General data and maintenance Engine Transmission Suspension steering and brakes Body Body equipment Electrical system Equipment and accessories Electrical wiring diagrams OBD on board diagnostics And More...... ===============================File Format: PDF Compatible: All Versions of Windows & Mac Language: English Requirements: Adobe PDF Reader & WinZip NO waiting, Buy from responsible seller and get INSTANT DOWNLOAD, Without wasting your hard-owned money on uncertainty or surprise! All pages are printable.It is great to have 1999-2005 BMW 3 Series (E46) Service Repair Workshop Manual.","","Vehicles & Parts","","https://www.emanualonline.com/Cars/BMW/3-Series/1999_2005-BMW-3-Series-%28E46%29-Service-Repair-Workshop-Manual-Download-%281999-2000-2001-2002-2003-2004-2005%29.html?currency=GBP","https://www.emanualonline.com/images/others/280192763_aa.jpg","","","","","","","","",""
"21479","1997-2002 BMW 5 Series (E39)* Factory Service / Repair/ Workshop","Cars","7 series","710,720,730","1998,1999,2000","service & repair","13.99","1997-2002 BMW 5 Series (E39)* Factory Service / Repair/ Workshop Manual Instant Download! (1997 1998 1999 2000 2001 2002) This manual contains maintenance and repair procedure for the 1997-2002 BMW 5 Series (E39). With this manual, you may maintain, service, diagnose and repair your own. With step by step instruction & highly detailed exploded pictures & diagrams to show you how to complete the required job correctly & efficiently. All repair procedures are covered. It's the same type of Manual that your local Dealer/Mechanic would use. Model covered: 525i, 528i, 530i, 540i, Sedan, Sport Wagon Service Repair Manual Covers: General data and maintenance Engine Transmission Suspension Steering And Brakes Body Body Equipment Electrical System Equipment And Accessories Electrical Wiring Diagrams And More...... Instant Download means there is NO shipping costs or waiting for a CD or paper manual to arrive in the mail! You will receive this manual TODAY via Instant Download on completion of payment via our secure payment processor. We accept ALL major credit/debit cards/paypal. All pages are printable. File Format: PDF Compatible: All Versions of Windows & Mac Language: English Requirements: Adobe PDF Reader & WinZip","","Vehicles & Parts","","https://www.emanualonline.com/Cars/BMW/5-Series/1997_2002-BMW-5-Series-%28E39%29%2A-Factory-Service-%25252F-Repair%25252F-Workshop-Manual-Instant-Download%21-%281997-1998-1999-2000-2001-2002%29.html?currency=GBP","https://www.emanualonline.com/images/others/278344682_bzdc.jpg","","","","","","","","",""
"28428","1997-2002 Bmw 5 Series (e39) 525i, 528i, 530i, 540i, Sedan, Sport","Cars","7 series","741,742,743","2003,2004,2005","factory repair","15.99","This is the Highly Detailed factory service repair manual for the 1997-2002 Bmw 5 Series (e39) has detailed illustrations as well as step by step instructions,It is 100 percents complete and intact. they are specifically written for the do-it-yourself-er as well as the experienced mechanic 1997-2002 Bmw 5 Series (e39) Service Repair Workshop Manual provides step-by-step instructions based on the complete dis-assembly of the machine. It is this level of detail, along with hundreds of photos and illustrations, that guide the reader through each service and repair procedure. Complete download comes in pdf format which can work under all PC based windows operating system and Mac also, All pages are printable. Using this repair manual is an inexpensive way to keep your vehicle working properly. This manual is known in many names: 1997-2002 Bmw 5 Series (e39) Service Manual 1997-2002 Bmw 5 Series (e39) Repair Manual 1997-2002 Bmw 5 Series (e39) Workshop Manual 1997-2002 Bmw 5 Series (e39) Service Repair Manual Service Repair Manual Covers: GENERAL INFORMATION * ENGINE * engine mechanical engine lubrication system engine cooling system engine control system fuel system exhaust system TRANSMISSION/TRANSAXLE * clutch manual transaxle automatic transaxle DRIVELINE/AXLE * front axle rear axle SUSPENSION * front suspension rear suspension road wheels & tyres BRAKES * brake system parking brake system brake control system STEERING * power steering system steering system RESTRAINTS * seat belts supplemental restraint system (srs) BODY * body, lock & security system glasses, window system & mirrors roof exterior & Interior Instrumental panel seat AIR CONDITIONER * air conditioner system ELECTRICAL * wiring diagrams starting & charging system lighting system driver information system wiper, washer & horn body control system lan system audio visual, navigation & telephone system auto cruise control system power s","","Vehicles & Parts","","https://www.emanualonline.com/Cars/BMW/5-Series/1997_2002-Bmw-5-Series-%28e39%29-525i%2C-528i%2C-530i%2C-540i%2C-Sedan%2C-Sport-Wagon-Workshop-Service-Repair-Manual.html?currency=GBP","https://www.emanualonline.com/images/others/276675361_bmw_5_series_e39_1997-2002.jpg","","","","","","","","",""
